PDBID,Symmetry,Diameter in nm,Residue
1cwp,C11,8.557799656959538,B:30-C:30
1d9z,C11,9.076953021710285,A:198-A:429
1ezj,C11,10.395513759635318,A:44-A:115
1g20,C11,18.467300743825568,E:233-G:232
1in7,C11,6.293914266501388,A:47-A:327
1l2y,C11,1.9832699237530036,A:13-A:1
1ny7,C11,8.867647944968324,1:2-2:1
1pdb,C11,4.571082498609138,A:103-A:140
1q57,C11,14.324016860872508,C:244-F:244
1qaw,C11,7.970188096903092,E:75-K:17
1xi4,C11,51.52170222794773,L:99-R:95
1yqb,C11,5.73736345309179,A:12-A:97
2bjy,C11,9.200345365254288,C:91-D:7
