PDBID,Symmetry,Diameter in nm,Residue
2bjy,C12,9.200345365254288,C:91-D:7
2fha,C12,5.705712107364083,A:5-A:169
2i0q,C12,9.139005481388635,A:47-A:394
2yjk,C12,8.754927443803222,F:130-L:7
2za6,C12,5.6285314608475066,A:3-A:166
3c2l,C12,5.856719455862382,A:75-A:171
3iyh,C12,17.129943746097666,B:385-E:385
3vdx,C12,11.231020770058125,A:301-C:324
4cmp,C12,17.48438710028518,A:1077-B:1056
